{
  "providers": [
    {
      "type": "bitmap",
      "file": "minecraft:textures/custom/logo.png",
      "ascent": 8,
      "height": 16,
      "chars": [
        "\ue001"
      ]
    },
    {
      "type": "bitmap",
      "file": "minecraft:textures/custom/coin.png",
      "ascent": 8,
      "height": 16,
      "chars": [
        "\ue002"
      ]
    },
    {
      "type": "bitmap",
      "file": "minecraft:textures/custom/heart.png",
      "ascent": 8,
      "height": 16,
      "chars": [
        "\ue003"
      ]
    },
    {
      "type": "bitmap",
      "file": "minecraft:textures/custom/star.png",
      "ascent": 8,
      "height": 16,
      "chars": [
        "\ue004"
      ]
    }
  ]
}